Date,Description,Amount
04/01/2026,ACME CORP PAYROLL DIRECT DEP,2400.00
04/02/2026,CHIPOTLE 1523,-6.47
04/03/2026,NETFLIX.COM 866-579-7172 CA,-15.49
04/03/2026,SAFEWAY STORE 0412,-28.14
04/03/2026,SHELL OIL 57444,-7.90
04/05/2026,SHELL OIL 57444,-46.96
04/05/2026,SPOTIFY USA,-11.99
04/10/2026,PLANET FITNESS #1234,-24.99
04/14/2026,SHELL OIL 57444,-8.61
04/15/2026,COMCAST XFINITY 800-934-6489,-64.99
04/19/2026,SAFEWAY STORE 0412,-66.53
04/21/2026,TRADER JOE'S #123 SAN JOSE CA,-42.09
05/01/2026,ACME CORP PAYROLL DIRECT DEP,2400.00
05/02/2026,CHIPOTLE 1523,-7.07
05/03/2026,NETFLIX.COM 866-579-7172 CA,-15.49
05/03/2026,UNIV BOOKSTORE TEXTBOOK,-118.35
05/05/2026,SAFEWAY STORE 0412,-41.68
05/05/2026,SPOTIFY USA,-11.99
05/10/2026,PLANET FITNESS #1234,-24.99
05/15/2026,COMCAST XFINITY 800-934-6489,-64.99
05/18/2026,SAFEWAY STORE 0412,-41.25
05/18/2026,SHELL OIL 57444,-55.30
05/18/2026,STARBUCKS #8821,-10.80
05/19/2026,CHIPOTLE 1523,-28.58
05/20/2026,CHIPOTLE 1523,-36.76
05/28/2026,STARBUCKS #8821,-23.11
06/01/2026,ACME CORP PAYROLL DIRECT DEP,2400.00
06/03/2026,NETFLIX.COM 866-579-7172 CA,-15.49
06/03/2026,SAFEWAY STORE 0412,-37.79
06/05/2026,SPOTIFY USA,-11.99
06/06/2026,UBER *TRIP,-14.03
06/08/2026,SAFEWAY STORE 0412,-41.91
06/08/2026,STARBUCKS #8821,-50.13
06/10/2026,PLANET FITNESS #1234,-24.99
06/15/2026,COMCAST XFINITY 800-934-6489,-64.99
06/16/2026,SHELL OIL 57444,-6.59
06/17/2026,AMAZON.COM*2K4LL1,-61.76
06/19/2026,AMAZON.COM*2K4LL1,-27.86
06/24/2026,AMAZON.COM*2K4LL1,-23.00
07/01/2026,ACME CORP PAYROLL DIRECT DEP,2400.00
07/03/2026,NETFLIX.COM 866-579-7172 CA,-15.49
07/03/2026,TRADER JOE'S #123 SAN JOSE CA,-52.26
07/05/2026,SPOTIFY USA,-11.99
07/09/2026,AMAZON.COM*2K4LL1,-50.00
07/10/2026,PLANET FITNESS #1234,-24.99
07/11/2026,AMAZON.COM*DUPLICATE,-42.10
07/12/2026,AMAZON.COM*2K4LL1,-42.27
07/12/2026,AMAZON.COM*DUPLICATE,-42.10
07/15/2026,COMCAST XFINITY 800-934-6489,-64.99
07/15/2026,SAFEWAY STORE 0412,-59.44
07/25/2026,UBER *TRIP,-26.45
08/01/2026,ACME CORP PAYROLL DIRECT DEP,2400.00
08/03/2026,NETFLIX.COM 866-579-7172 CA,-17.99
08/04/2026,AMAZON.COM*2K4LL1,-7.89
08/05/2026,SPOTIFY USA,-11.99
08/08/2026,SHELL OIL 57444,-29.80
08/10/2026,PLANET FITNESS #1234,-24.99
08/13/2026,UBER *TRIP,-5.49
08/15/2026,COMCAST XFINITY 800-934-6489,-64.99
08/15/2026,UBER *TRIP,-15.09
08/21/2026,AMAZON.COM*2K4LL1,-22.78
08/25/2026,SQ *BLUE BOTTLE COFFEE,-12.54
08/28/2026,AMAZON.COM*2K4LL1,-9.32
09/01/2026,ACME CORP PAYROLL DIRECT DEP,2400.00
09/01/2026,STARBUCKS #8821,-31.65
09/03/2026,NETFLIX.COM 866-579-7172 CA,-17.99
09/05/2026,SAFEWAY STORE 0412,-15.63
09/05/2026,SPOTIFY USA,-11.99
09/08/2026,CHIPOTLE 1523,-4.80
09/09/2026,SHELL OIL 57444,-69.11
09/10/2026,PLANET FITNESS #1234,-24.99
09/13/2026,SQ *BLUE BOTTLE COFFEE,-62.30
09/15/2026,COMCAST XFINITY 800-934-6489,-64.99
09/22/2026,SHELL OIL 57444,-67.21
09/27/2026,SHELL OIL 57444,-61.02
09/27/2026,STARBUCKS #8821,-21.34
